title,author,category,price_gbp,rating,in_stock,pages,year_published,num_reviews
The Dark Light,Claire Taylor,Science Fiction,16.74,4,True,307,2023,31
The Hidden Stone,Emma Brown,Philosophy,14.18,2,True,298,2011,70
The Dark Wind,Peter Martinez,Religion,17.53,1,True,389,2013,122
The Dark City: Garden of Light,Claire Moore,Self Help,12.36,3,False,368,2005,7
The Hidden Path,William Walker,Science Fiction,15.85,4,True,147,1996,12
The Little Dream: Path of Heart,Peter Harris,Art,18.46,3,True,348,2014,15
The Long River: Shadow of Mountain,George Brown,Cookbooks,25.13,3,True,299,2022,25
The Secret Light,William Wilson,Science Fiction,13.09,4,True,329,2001,6
The Hidden Star: Wind of Mountain,David Robinson,Self Help,11.9,4,True,293,2024,20
The Wild Garden: Shadow of Mountain,James Martin,Philosophy,14.95,1,True,224,1997,84
The Long Garden,John Garcia,Children's,10.88,3,True,210,2015,25
The Bright Light,Peter Lewis,Art,17.35,5,True,337,2013,52
The Long Path,Claire Rodriguez,Poetry,12.58,2,True,335,2019,7
The Forgotten World: Journey of Star,Sarah Garcia,Historical Fiction,13.6,3,True,292,2009,11
The Last Wind: Night of Dream,Peter White,Sports,11.39,3,True,415,2005,27
The First Journey,Emma White,Science Fiction,16.13,2,False,285,2019,151
The Great Dream: Storm of Rain,Charles Moore,Thriller,10.63,1,True,375,2019,59
The Little Rain: Star of Garden,John Smith,Thriller,16.61,5,True,403,2006,2
The Wild Shadow,Helen Brown,Travel,13.06,5,True,292,2010,34
The Little World,John Lewis,Romance,10.32,3,True,303,2011,13
The Ancient River: River of Storm,Anna Thompson,Religion,14.84,5,True,442,2011,22
The Forgotten Mountain,Sofia Smith,Art,23.27,4,True,261,2002,28
The Wild Night,James Jackson,Psychology,14.87,4,True,460,1996,19
The Hidden Rain,John Moore,Business,18.3,3,True,293,2018,24
The Long Fire,John Martinez,Psychology,14.23,4,True,352,1998,49
The Stolen Journey,James Taylor,Poetry,7.17,5,True,274,2018,57
The Forgotten Mountain,Peter Robinson,Business,21.2,5,True,349,2000,7
The New Mountain: Heart of Crown,Peter Taylor,Self Help,14.34,5,True,407,2012,79
The Hidden Mountain,John Clark,Mystery,10.54,3,True,290,2007,19
The Silent Path,Anna White,Historical Fiction,15.04,1,False,343,2020,25
The First Journey: Wind of Fire,Claire Moore,Art,17.05,2,True,282,1996,14
The Little Shadow: Shadow of Shadow,Helen Clark,Psychology,14.44,4,True,356,2022,42
The Silent Shadow: Heart of City,Sarah Walker,Sports,13.9,5,True,313,2022,10
The Secret Dream: Stone of Mountain,Helen Walker,Biography,9.28,3,True,317,1997,1
The Long Stone,Nina Moore,Poetry,10.21,2,True,541,2005,11
The Last Path,George Robinson,Biography,15.33,3,True,347,2019,23
The Dark Crown: Stone of Dream,Sarah Lewis,Romance,16.0,3,True,387,2003,45
The Stolen Heart: Mirror of Storm,David Robinson,Fantasy,18.91,4,True,193,2017,26
The Short Rain,Peter Harris,Travel,12.53,2,False,269,1998,31
The Last Dream: Wind of World,Nina Harris,Fantasy,8.57,4,True,326,2017,6
The Golden Light,Nina Johnson,Business,14.78,5,True,459,2008,5
The Lost Night,Claire White,Self Help,11.26,5,True,291,2009,73
The Ancient Wind,Sarah Anderson,Philosophy,17.85,5,True,209,2021,28
The Long Wind,Claire Johnson,Cookbooks,14.37,2,True,336,2023,79
The Stolen River: Dream of Mirror,Peter Martinez,Historical Fiction,14.91,3,False,390,2018,15
The Wild City: City of Journey,Emma Wilson,Fantasy,15.83,5,True,346,2005,52
The Wild Light,Michael Garcia,Poetry,7.62,3,True,340,2022,80
The Wild River: Crown of Mirror,George Jackson,Music,15.03,1,True,255,2016,6
The Secret Garden,Sarah White,Children's,14.53,4,True,362,2011,8
The Little Garden: Dream of Light,David Lee,Horror,8.59,3,False,390,2003,48
The Forgotten Star,Sofia Martinez,Historical Fiction,17.37,4,True,357,2011,29
The Secret Stone,James Martinez,Science Fiction,14.14,3,True,252,2024,9
The Golden Mirror,Sofia Walker,Philosophy,14.73,5,True,350,2022,34
The First Rain,Thomas Martin,Science Fiction,15.05,4,True,450,2004,23
The Bright River,Anna Wilson,Philosophy,17.19,3,True,242,2004,0
The Little Night,Alice Martinez,Horror,8.25,5,True,363,2014,107
The New Crown,Alice Rodriguez,Business,17.22,1,True,384,2023,92
The Hidden Storm,Charles Martin,Thriller,14.66,5,True,313,2019,67
The First Mountain: World of Night,James Jackson,Biography,13.04,5,False,183,2014,13
The New Journey: Stone of River,Anna Clark,Romance,12.75,5,True,207,1999,41
The Forgotten Journey,Maria Robinson,Mystery,9.91,4,True,333,2002,161
The New World: Rain of Wind,Charles Martin,Science Fiction,15.2,5,False,217,2023,47
The Short Rain,Peter Robinson,Art,25.79,3,True,414,2018,12
The New Light: Light of Rain,John Jackson,Music,15.8,5,True,366,1997,85
The Wild Light,Peter Brown,Travel,17.8,5,True,666,2002,36
The Bright River,Thomas Martin,Horror,15.34,5,True,378,2008,14
The Golden Journey,Helen Smith,Historical Fiction,11.3,4,True,298,2019,1
The Secret Fire,William Harris,Psychology,23.1,3,True,151,2022,31
The Little Wind: Mountain of Fire,Robert White,Poetry,8.35,2,True,418,1995,25
The Broken Path: Crown of World,Charles Lewis,Horror,9.5,4,True,381,2007,3
The Long Night,Thomas Anderson,Psychology,15.16,4,True,261,2000,35
The Last Path,Laura Martin,Historical Fiction,6.91,5,True,336,2023,11
The Last Journey,Sarah Clark,Horror,9.23,1,True,309,2012,115
The Stolen Mountain: Shadow of Night,Robert Moore,Historical Fiction,15.77,4,True,397,2014,6
The Wild World,Michael Lee,Fantasy,12.34,4,False,261,2009,43
The Stolen City: Dream of City,George Taylor,Self Help,9.59,5,True,402,2024,46
The Long Path,Alice Brown,Travel,23.43,4,True,412,2021,9
The Forgotten Storm: Star of Dream,Helen Johnson,Biography,20.43,1,True,256,2008,4
The Hidden Rain: Night of Journey,John Taylor,Cookbooks,21.55,4,True,389,2006,3
The Bright Journey,Maria White,Art,10.66,3,True,227,2024,19
The Strange Crown,Helen White,Philosophy,20.71,4,True,191,2002,1
The Last Crown,Laura Lee,Romance,17.04,4,True,190,2007,67
The Dark Fire: City of Fire,Alice Thompson,Business,14.56,2,False,361,2005,35
The Short Light,Maria Moore,Self Help,14.24,5,True,285,2018,29
The Strange Wind: Fire of Fire,Laura Smith,Poetry,15.55,4,True,208,2002,27
The Wild Storm: Mirror of Fire,Peter Rodriguez,Horror,11.47,5,True,372,2018,82
The Broken Mirror: Light of Storm,Nina Jackson,Philosophy,15.98,2,True,263,2001,13
The Forgotten Wind: City of River,Alice Clark,Business,15.94,2,True,396,2013,41
The Short Storm: River of Storm,Robert Thompson,Sports,16.15,4,True,347,1995,56
The Bright Light,James Lewis,Philosophy,12.1,4,True,269,1999,57
The Forgotten Night,John Clark,Music,13.93,3,True,330,2000,52
The Last Fire,Sarah Garcia,Historical Fiction,15.91,5,True,301,2013,19
The Bright World: Storm of Heart,Robert Taylor,Historical Fiction,16.89,2,True,393,2008,81
The Short Star,Maria Garcia,Religion,16.57,3,True,321,2009,79
The Long Journey,Charles Johnson,Travel,17.13,5,True,308,2018,29
The Golden River,Sarah Wilson,Science Fiction,12.14,3,True,508,2012,13
The Silent Night,Charles Clark,Romance,16.05,5,True,391,2002,54
The First Crown,Robert White,Travel,15.96,2,False,239,2015,27
The Golden Journey,Robert Anderson,Psychology,18.41,3,True,306,2021,4
The Hidden Shadow,George Walker,Fantasy,15.45,4,True,269,2013,3
The New Dream,George Garcia,Travel,16.86,2,False,274,2011,60
The Strange Crown,James Martinez,Philosophy,13.35,2,False,340,2014,151
The Dark Heart,Helen Lee,Self Help,8.93,5,False,193,2019,102
The Long Shadow: City of Fire,Maria Robinson,Self Help,11.49,5,True,300,2000,28
The Ancient Fire: Fire of Mirror,Thomas Martin,Psychology,18.0,2,True,305,1998,23
The Broken Journey: Storm of Path,Peter Johnson,Thriller,12.94,2,True,294,2005,4
The Broken Dream: Path of Rain,Emma Lewis,Self Help,15.13,4,True,245,1996,30
The Great Mirror: Fire of Crown,James Moore,Children's,7.62,3,True,356,1999,71
The New Fire,Charles Jackson,Travel,16.78,2,False,321,2004,28
The Dark Wind,Robert Taylor,Philosophy,15.09,4,True,364,1998,41
The Strange Storm,Nina Martinez,Fantasy,21.54,4,True,250,2010,80
The New Wind,Alice Walker,Biography,23.66,3,True,247,2023,7
The Hidden Light: Journey of Garden,Maria White,Fantasy,6.57,4,True,272,2004,2
The Long Stone: Fire of World,Laura Lewis,Travel,17.2,3,True,488,2005,58
The Little Path,Sofia Moore,Philosophy,11.86,5,False,364,2002,60
The Secret Mountain: Journey of Shadow,Sofia Clark,Psychology,10.38,5,True,484,2020,70
The Secret World,James Anderson,Horror,16.13,5,True,277,2013,5
The Forgotten Crown,Laura Smith,Business,12.0,5,True,441,2008,64
The Hidden Fire: Light of Garden,Charles Garcia,Fantasy,13.6,4,True,431,2022,11
The Little Path: Fire of Wind,James Walker,Business,18.02,4,True,324,2015,101
The Wild Heart,Michael Taylor,Travel,14.42,4,True,376,2017,4
The Dark Shadow,James Harris,Travel,16.42,3,True,366,2008,38
The Wild Rain,David Wilson,Fantasy,8.63,2,True,434,2014,38
The Short Mountain,Helen Anderson,Horror,17.43,4,True,330,2015,66
The New Light: Crown of Storm,Peter Wilson,Self Help,21.21,5,True,477,2006,18
The First Journey: Crown of Storm,Alice Garcia,Psychology,17.26,4,True,443,1998,8
The Secret Stone,George Harris,Biography,19.7,4,True,161,2021,20
The Last Night,James Walker,Horror,11.06,4,True,384,2021,53
The Wild Star: Mountain of River,Charles White,Travel,21.7,5,True,195,2018,104
The Forgotten Shadow,Laura Johnson,Fantasy,8.04,4,True,315,2018,136
The Hidden Storm,Thomas Wilson,Fantasy,6.76,4,True,311,2020,9
The Stolen Rain,Nina Wilson,Philosophy,16.28,3,True,235,2021,14
The First Garden: Crown of Heart,Claire Jackson,Music,13.78,4,True,405,2018,6
The Little Mirror,Anna Smith,Horror,10.14,3,True,248,1998,3
The Stolen Light,William Taylor,Art,21.63,3,True,226,2010,15
The Short Wind,Charles Jackson,Mystery,19.88,1,True,323,2015,56
The First Journey,James Johnson,Art,19.55,5,True,339,2010,88
The Forgotten Mountain: World of Path,Laura Thompson,Science Fiction,14.61,5,True,300,2018,48
The Ancient Stone: World of Journey,Michael Clark,Philosophy,13.14,3,True,268,2003,23
The Stolen River,Robert Thompson,Historical Fiction,8.7,4,True,443,2016,48
The Little Mirror,Nina Moore,Cookbooks,22.02,4,False,348,2022,26
The Hidden River: Star of Night,James Martin,Art,21.55,4,True,234,1999,9
The Golden Heart: Wind of River,Helen Moore,Psychology,12.35,1,False,191,2002,13
The Bright Star,Claire Anderson,Business,15.74,2,True,222,2020,77
The Forgotten Night,William Jackson,Thriller,18.9,5,True,399,1995,24
The Last Shadow,Thomas Rodriguez,Thriller,13.27,4,True,242,1997,47
The New Mirror,Michael Robinson,Music,10.37,3,True,302,2014,15
The Great Storm,Emma Johnson,Historical Fiction,17.24,3,False,491,2022,150
The Ancient Dream,Laura Brown,Horror,7.11,2,False,370,2005,5
The Bright Heart,Charles Lee,Religion,9.72,3,True,276,2005,11
The Short Rain,Maria Walker,Horror,12.17,4,True,245,2020,141
The Little River,Robert Martinez,Science Fiction,14.16,5,True,238,2009,70
The Ancient Dream,Sofia White,Horror,9.98,3,True,387,1999,38
The Hidden Heart: Heart of Journey,Michael Thompson,Music,14.35,4,True,387,2012,11
The Long Wind,Michael Martinez,Historical Fiction,11.68,3,True,371,2016,19
The Lost Storm: Mirror of Dream,Helen Rodriguez,Poetry,4.3,2,True,324,2016,33
The Wild Dream,Peter Thompson,Music,16.24,3,True,170,2003,22
The Wild Journey: Star of Star,Peter Smith,Psychology,12.72,3,True,324,2016,5
The Dark City,George Martin,Self Help,17.52,3,True,268,2000,40
The Long Path,Emma Brown,Fantasy,15.85,4,True,449,2001,18
The Ancient Crown,William Harris,Horror,14.02,5,True,301,2019,117
The Short Heart: World of City,Charles Johnson,Psychology,16.3,5,True,265,2003,6
The Ancient Fire: Journey of Light,Alice Rodriguez,Art,22.3,4,True,305,2008,64
The First Stone,George Johnson,Science Fiction,16.18,3,True,282,2014,6
The Dark River,Alice Anderson,Historical Fiction,15.38,4,True,282,2004,25
The Forgotten Night,Thomas Wilson,Business,21.05,4,True,290,2012,59
The Great Wind: Mirror of Heart,Anna Johnson,Biography,8.87,4,True,229,2009,12
The Broken Stone,Anna Martinez,Romance,12.06,3,True,470,2007,80
The Broken City: Star of Crown,William Brown,Mystery,15.9,5,True,120,1998,34
The Ancient Stone,Sarah Garcia,Biography,10.82,2,False,422,2018,55
The Wild Garden: Heart of Rain,Michael Rodriguez,Business,20.21,5,True,524,2023,54
The Stolen World,Claire White,Cookbooks,18.39,3,True,243,2014,47
The Hidden City: Fire of Crown,Helen Lee,Fantasy,14.25,4,True,277,2024,73
The Short Garden: Garden of World,Laura Brown,Psychology,18.63,2,True,274,2015,65
The Last Stone,Maria Brown,Travel,15.06,5,True,231,2009,5
The Lost Mirror: Heart of Heart,Charles Walker,Historical Fiction,16.65,4,True,237,2009,35
The Little Shadow,Helen Moore,Psychology,16.45,3,True,488,2010,14
The Bright Shadow,Sofia Brown,Sports,6.77,4,True,454,2000,102
The Wild Crown: Rain of Rain,Charles Wilson,Historical Fiction,14.98,4,True,218,2024,33
The Secret Journey: Star of Shadow,Sofia Brown,Travel,16.38,4,True,385,2012,89
The First Light: Star of World,Sofia Brown,Horror,9.23,4,True,362,1999,32
The First Path,Sarah Harris,Cookbooks,25.58,5,True,273,2015,90
The Bright Rain,Thomas Rodriguez,Business,14.54,5,True,308,2006,63
The Silent River,John Moore,Travel,16.2,4,True,418,1999,17
The Hidden Storm: Dream of Rain,Peter Rodriguez,Fantasy,13.45,5,True,281,2005,0
The Bright Star,David Wilson,Religion,8.46,4,True,171,2019,88
The Silent Crown,William Jackson,Religion,7.49,4,False,203,2014,21
The New Mountain,George Clark,Travel,15.09,3,True,184,2001,6
The Long Crown,George Garcia,Cookbooks,10.56,5,True,315,2008,15
The Golden Star,Nina Johnson,Thriller,19.47,1,True,421,2022,38
The Little Dream: Rain of Dream,George Brown,Cookbooks,19.06,2,False,220,2003,201
The Great World: Heart of Mountain,Laura Thompson,Art,31.01,2,False,325,2008,48
The Secret Rain,Anna Brown,Historical Fiction,14.69,3,True,307,1995,7
The Forgotten Garden: World of Shadow,George Clark,Business,17.89,4,True,271,1999,2
The New Star,Sarah Smith,Music,13.11,4,True,455,2021,20
The Little Star,Michael Harris,Fantasy,18.36,3,True,133,1998,7
The Wild Journey: Star of Crown,Sarah Taylor,Historical Fiction,9.07,4,True,249,2010,18
The Little Night: Stone of Mountain,Claire Harris,Religion,15.27,1,True,434,2014,8
The Wild Stone,Sarah Rodriguez,Cookbooks,22.53,1,False,218,1997,3
The Little Rain: Rain of Wind,Emma Garcia,Sports,11.16,4,True,364,1996,9
The Stolen Light: Mirror of Heart,William Jackson,Horror,11.16,4,True,286,2015,67
The Long Garden,William Lewis,Science Fiction,13.74,4,True,424,2015,8
The New Fire: World of Heart,Laura Johnson,Thriller,15.08,1,True,292,1996,3
The Lost Garden: Rain of Path,Peter Clark,Children's,9.14,4,True,207,2019,78
The First Mirror: Shadow of Garden,Nina Taylor,Children's,6.17,3,True,414,2008,16
The New Path,David Clark,Horror,6.55,4,True,374,2006,18
The Last Heart: Heart of Journey,Charles Wilson,Sports,5.71,3,True,472,2005,103
The Hidden Garden: Storm of Crown,Charles Martinez,Science Fiction,13.09,5,True,355,2009,23
The New Shadow: Mirror of Star,Thomas White,Cookbooks,20.4,4,True,333,2020,0
The Hidden Path,David Smith,Historical Fiction,15.08,4,True,166,2014,10
The Lost World,William Thompson,Art,22.6,5,True,303,2013,26
The Short World: Mirror of Mirror,Laura Brown,Historical Fiction,12.11,1,True,249,2011,85
The Secret Garden: Mountain of Dream,Emma Wilson,Cookbooks,20.69,3,True,231,2007,28
The Forgotten Light: Crown of River,Charles Harris,Philosophy,18.6,3,True,362,2010,0
The Forgotten World: Crown of City,Laura Brown,Children's,8.9,4,True,408,2022,38
The Stolen Heart,George Harris,Business,11.56,4,True,204,2017,1
The Stolen Rain,Alice Anderson,Thriller,14.81,2,True,254,2010,32
The Stolen Wind,Laura Lewis,Mystery,10.86,3,True,193,2023,15
The Hidden Storm,John Rodriguez,Romance,8.58,4,True,414,2008,22
The Hidden World: Heart of Crown,Laura Rodriguez,Psychology,16.73,4,True,336,2023,8
The Long City: World of Journey,Maria Johnson,Philosophy,12.99,4,True,330,2011,31
The First City,Robert Thompson,Fantasy,18.02,2,False,256,2011,2
The Hidden Light,Peter White,Travel,15.88,4,True,479,2004,19
The Little Heart,David Lee,Religion,14.48,5,False,269,1999,41
The Short Star,Helen Johnson,Thriller,15.18,3,True,178,1995,3
The Lost Stone,Alice Lee,Romance,11.74,3,True,375,2015,27
The Strange Wind,George Clark,Mystery,14.33,5,True,374,2020,37
The First Crown,James Wilson,Horror,14.92,3,True,361,2010,23
The Golden Garden: Garden of Garden,William Garcia,Art,23.5,3,True,338,2006,29
The Little Dream,Laura Taylor,Sports,9.22,5,True,414,2002,123
The Forgotten Shadow,Anna Walker,Fantasy,13.86,5,True,381,2022,65
The Broken Stone: River of City,John Rodriguez,Thriller,16.28,1,True,273,2023,31
The Strange Night,Anna Rodriguez,Travel,14.48,2,True,292,2002,41
The Long Mirror,George Clark,Children's,12.4,2,True,239,2021,13
The First Wind,Michael Martinez,Music,19.06,3,True,337,2003,34
The Secret Mirror,James Lee,Cookbooks,20.93,3,True,400,2006,0
The First Heart,Laura Lewis,Philosophy,15.29,5,True,415,2014,56
The Forgotten World: Path of Mirror,Sofia Lewis,Religion,10.19,4,False,446,2019,34
The Golden Star,Maria Johnson,Fantasy,12.44,4,True,450,1999,46
The Strange Rain,Charles Rodriguez,Business,16.53,3,True,294,2024,11
The Broken City,Charles Harris,Religion,8.49,2,True,250,2011,0
The Little Fire: Storm of Fire,Emma Thompson,Sports,12.88,3,True,341,1998,39
The Long Storm: Night of Star,John White,Poetry,13.45,5,False,300,2020,22
The Long Mountain: Stone of Fire,David Rodriguez,Psychology,11.07,5,True,354,2014,9
The Bright Mountain,Michael Moore,Horror,12.58,4,True,364,2005,25
The Bright Journey: Journey of Rain,Charles Clark,Poetry,7.77,3,True,272,2018,7
The Bright Rain,Sofia Clark,Historical Fiction,11.77,2,True,427,2005,121
The New Wind,William White,Thriller,17.97,4,True,268,2001,5
The Last Wind,George Harris,Biography,14.07,3,True,376,2017,26
The Broken Fire,Nina Harris,Music,19.42,2,True,481,2016,73
The Secret Path: World of Storm,James Harris,Philosophy,12.86,5,False,285,1997,109
The New Light: River of River,Peter White,Cookbooks,21.0,4,False,350,2017,28
The Bright Dream: Stone of Mountain,Robert Johnson,Self Help,13.38,3,True,248,2011,10
The Wild Shadow,Sofia Clark,Biography,15.88,2,True,481,2019,8
The Dark Wind: City of Journey,John Clark,Fantasy,12.19,5,True,340,2019,23
The Broken Storm: Heart of Stone,Robert Lewis,Travel,24.84,5,True,272,2022,14
The Silent Journey: City of Shadow,Anna Clark,Historical Fiction,16.39,3,True,486,2018,73
The Lost Night,Charles Taylor,Travel,18.07,5,False,419,2005,70
The New Wind,Claire Rodriguez,Travel,18.87,4,True,365,2001,39
The Broken City: Light of City,Emma Martin,Science Fiction,19.84,3,True,378,2013,74
The Silent Star: Path of Journey,Maria Martin,Children's,7.42,3,True,333,2016,47
The Silent World,Robert Smith,Science Fiction,16.29,5,True,284,2002,24
The Last Garden,Helen Smith,Art,22.67,4,True,324,2006,10
The Lost Dream,David Garcia,Biography,18.26,5,True,514,2024,3
The Forgotten Storm,Robert Jackson,Travel,16.87,5,False,461,2010,14
The New Star,Peter Clark,Fantasy,16.13,2,False,336,2020,96
The Wild Star: Heart of Rain,Laura Rodriguez,Children's,6.44,3,True,337,1997,43
The Forgotten Shadow: Rain of River,Helen Lewis,Psychology,15.47,3,True,256,2005,33
The New Dream: Stone of Fire,Sarah Rodriguez,Sports,11.04,4,True,353,1996,0
The Bright Rain,Helen Johnson,Art,27.48,4,True,314,2016,20
The Dark Path,Emma Moore,Travel,10.93,3,True,122,1996,55
The Stolen Heart,James Brown,Poetry,6.43,2,False,383,2010,39
The First Journey,Claire Martinez,Historical Fiction,9.52,5,True,398,2023,5
The New Path,Peter Anderson,Horror,14.28,4,True,311,2006,35
The Silent Wind,Claire Jackson,Science Fiction,9.66,5,True,257,2019,18
The First Crown: Wind of Journey,Peter Garcia,Mystery,12.16,3,True,351,2002,1
The Stolen World,Michael Johnson,Art,17.62,5,True,449,2008,22
The Dark Mountain,Michael Walker,Religion,13.2,5,True,361,2014,65
The Wild Shadow,Robert Lewis,Historical Fiction,16.25,2,True,439,2022,1
The Bright Rain: Mountain of Stone,Sofia Lee,Historical Fiction,14.69,5,True,383,2016,22
The Wild Storm: Rain of Mountain,Thomas Harris,Business,15.63,3,True,482,2012,23
The Silent Journey,James Thompson,Psychology,15.45,3,False,258,2016,55
The Great Garden: Journey of World,George Garcia,Horror,10.44,1,True,149,2012,2
The Wild Mountain,Claire Robinson,Music,12.42,4,True,101,2012,12
The Ancient Wind,Anna Jackson,Poetry,12.75,5,True,358,2005,1
The New Mirror,Alice Johnson,Romance,8.62,3,True,315,2016,151
The Short Shadow: River of Stone,Peter Moore,Religion,11.99,4,True,215,2022,42
The First Night,Alice Taylor,Business,17.23,3,True,322,2019,25
The Wild Star: Path of Mountain,Peter Martin,Music,13.13,1,False,258,2007,2
The Little Mirror,William Rodriguez,Art,18.49,4,True,294,2009,40
The Strange Garden: Mirror of Garden,Thomas Johnson,Science Fiction,13.0,3,True,371,2002,3
The Dark Light,Helen Lee,Fantasy,18.9,1,False,403,2004,96
The Golden Garden,Helen Jackson,Fantasy,14.21,4,True,261,2015,71
The Last Fire: Fire of Crown,David Thompson,Business,21.13,3,True,377,2018,59
The Strange City: Wind of Shadow,Maria Johnson,Philosophy,19.61,4,True,337,1997,36
The Dark Journey,Robert Brown,Historical Fiction,20.08,2,False,337,1995,2
The Great Crown,Charles Walker,Children's,5.72,5,True,276,2016,8
The Dark Night,Thomas Smith,Music,15.83,4,True,268,2018,24
The Little Storm,Thomas Wilson,Self Help,20.05,3,True,359,1998,196
The Bright Mountain,Maria White,Sports,13.13,3,True,330,2003,39
The Hidden Mirror: Crown of Stone,Robert Jackson,Horror,11.1,5,True,169,2021,45
The Lost Heart,Anna Lewis,Romance,10.31,3,True,461,2015,16
The Silent Heart,Thomas Martin,Mystery,13.79,4,True,414,2022,45
The Great Shadow,Helen Clark,Science Fiction,18.78,5,True,316,2024,19
The Last Wind,James Wilson,Romance,14.28,5,False,178,2005,8
The Golden Stone,Anna Brown,Mystery,18.17,4,True,444,2013,4
The Long Path: Wind of Garden,Anna Anderson,Biography,17.73,3,True,343,2017,9
The Great Mirror,Thomas Jackson,Romance,11.91,3,True,425,2005,71
The Short Star,Sofia Smith,Religion,14.7,3,True,80,2020,31
The Strange Mountain,Anna Martinez,Art,20.73,5,True,219,2013,10
The Hidden Star,Robert Brown,Horror,7.47,5,True,424,1999,4
The Bright Path,Michael Brown,Horror,11.84,3,True,362,2004,2
The Stolen Light,Sarah Wilson,Art,22.27,3,True,204,2012,61
The Great Journey,Sarah Thompson,Philosophy,9.55,4,True,281,2014,42
The Broken Path,Thomas Garcia,Religion,10.78,1,False,288,2018,46
The Wild Stone,Anna Wilson,Philosophy,13.87,5,True,506,2004,57
The Strange World,Thomas White,Self Help,17.61,3,True,341,2010,4
The Stolen Light: Fire of Star,Charles Moore,Romance,11.75,4,True,316,1999,96
The Dark Path,Charles Garcia,Travel,18.56,3,True,312,2005,24
The Broken Journey: Star of World,George Martin,Art,25.21,4,True,351,2017,25
The Strange Garden,Anna Martin,Children's,15.31,2,True,307,2017,1
The Long Mountain,Nina Garcia,Music,17.88,3,True,226,2024,39
The Golden Stone: City of Wind,Emma Robinson,Psychology,12.82,5,False,492,2001,6
The First Heart: Journey of Fire,Claire Harris,Art,25.05,5,True,364,2016,40
The Ancient Path,Charles Clark,Fantasy,22.41,5,True,314,2012,29
The Ancient Wind,William Lewis,Sports,16.87,3,True,426,2024,37
The Forgotten Mountain: Mirror of City,Charles Johnson,Romance,17.72,2,True,216,2015,37
The Broken Journey,Michael White,Horror,11.78,5,True,349,2018,53
The Little Stone: Mountain of Crown,William Garcia,Sports,18.65,5,True,360,2016,18
The Great World,Emma Clark,Psychology,19.16,5,True,209,2008,50
The Forgotten World,Sofia Robinson,Romance,10.96,5,True,443,2011,4
The Stolen Fire,Laura Martin,Music,13.39,3,True,321,1996,15
The Dark Garden: City of Mountain,Maria Wilson,Science Fiction,20.58,3,True,243,2005,20
The Ancient Crown,Anna Wilson,Philosophy,12.76,3,True,200,2016,2
The Secret Night: River of Crown,Helen Martinez,Poetry,15.75,4,True,410,2017,21
The Golden Light: Heart of Stone,Michael Lewis,Children's,11.44,4,True,290,2005,22
The New Dream,John Rodriguez,Children's,3.14,4,False,171,2005,26
The Secret Star,Michael Thompson,Religion,16.84,5,True,370,2009,44
The Silent Storm: Stone of Heart,Claire Martin,Religion,14.66,3,True,345,2004,91
The Silent Mirror: Rain of Path,Thomas Walker,Science Fiction,12.36,4,True,294,2007,10
The Silent Fire: City of Wind,David Clark,Poetry,6.54,5,True,220,2000,27
The New Star,William Smith,Business,21.21,4,True,178,2001,11
The Little Rain: Journey of Fire,Thomas Robinson,Horror,8.56,3,True,299,1997,40
The Dark Mountain,Nina Jackson,Psychology,15.37,4,True,199,2000,3
The Long Fire,Michael Lee,Art,16.42,5,True,359,2019,23
The Stolen Wind: Shadow of Crown,Peter Moore,Philosophy,15.78,2,False,442,1998,35
The First Shadow,William Brown,Biography,16.43,5,True,368,1998,75
The Golden Stone: Star of Journey,David Walker,Biography,13.54,4,True,260,2001,18
The Lost Stone,Nina Walker,Children's,3.65,5,True,257,2005,11
The First Stone,Maria Taylor,Travel,14.97,4,True,432,2019,3
The Lost Light: World of World,Robert Anderson,Poetry,7.08,4,True,513,2021,6
The Secret Fire,Nina Martinez,Biography,18.22,3,True,357,1997,3
The Secret Rain: Mirror of Crown,John Martin,Romance,12.15,4,True,306,2022,27
The New Mirror: Wind of Path,Alice Martinez,Romance,10.05,4,True,196,2010,24
The Broken Storm,Helen Anderson,Self Help,11.19,4,True,467,2010,44
The Lost Shadow,Laura Smith,Business,19.99,3,True,466,2022,2
The New Crown,Thomas Moore,Thriller,10.96,3,False,228,2024,15
The First City: Light of Heart,William White,Fantasy,14.12,2,True,250,2016,56
The Lost Path: Mountain of Journey,Sarah Taylor,Thriller,13.82,5,True,179,2010,36
The Bright Stone,Laura Smith,Romance,5.02,3,True,353,2005,38
The Ancient World,Robert Garcia,Science Fiction,20.85,4,True,357,2020,2
The Forgotten Garden,George Anderson,Science Fiction,16.95,3,True,326,2021,40
The Bright Heart,Emma Walker,Fantasy,14.59,2,True,192,2009,20
The Golden World: Star of Crown,Alice Brown,Cookbooks,17.43,4,True,431,1999,55
The Long Path,Thomas Martin,Science Fiction,11.18,5,True,291,2002,91
The Hidden Mountain,Charles Walker,Self Help,18.25,4,True,332,2017,34
The First River,Maria Moore,Mystery,13.67,2,False,292,2004,61
The Wild Fire,Robert Clark,Historical Fiction,16.48,1,True,406,1997,12
The Dark Mirror: World of Path,Helen Martinez,Sports,10.25,2,True,200,2016,96
The Strange Heart,Sarah Smith,Thriller,6.57,4,True,365,1996,20
The Secret Rain,Maria Martinez,Historical Fiction,15.36,5,True,544,2007,24
The Little Wind: Light of Heart,George Brown,Romance,12.29,3,True,311,2001,73
The Little Garden,Sarah Harris,Fantasy,14.94,5,True,348,2018,12
The Lost Mountain,Thomas Taylor,Biography,15.39,3,True,251,2014,41
The First City,Claire Smith,Historical Fiction,14.1,4,True,319,2006,60
The Great Light,Claire White,Sports,12.91,4,True,393,1998,50
The Broken Journey,Sarah White,Mystery,13.04,4,True,201,2013,5
The Strange Crown,James Clark,Romance,9.87,1,False,303,2000,5
The Silent Light: Stone of Dream,Robert Rodriguez,Cookbooks,20.2,5,True,367,2022,19
The Wild Shadow,Anna Anderson,Mystery,13.23,4,True,142,2022,3
The Little Journey,Robert Martinez,Historical Fiction,9.77,4,True,373,2005,36
The Hidden Stone,Maria Johnson,Self Help,13.25,2,True,454,2020,184
The Lost Path,Laura Harris,Sports,13.52,5,True,289,2004,9
The Hidden Wind,William Moore,Business,15.85,4,True,292,2020,2
The Short Mountain,Helen Clark,Travel,16.56,5,False,320,2019,33
The Little Mountain,Thomas Smith,Children's,11.32,4,True,186,2006,19
The Broken Night: Path of Storm,Michael Moore,Mystery,8.22,3,True,299,2002,18
The Strange Shadow: World of Light,Sarah Johnson,Poetry,11.9,4,False,388,2023,0
The Ancient Mirror,Sarah Lee,Sports,10.98,1,True,86,1999,10
The Hidden Stone,Thomas Anderson,Horror,10.09,4,True,355,2003,8
The Secret Garden,Nina Jackson,Business,17.95,2,True,372,2001,27
The Long Dream,David Robinson,Fantasy,18.19,2,True,305,2008,23
The Little Mirror: River of Crown,George Robinson,Science Fiction,13.45,4,True,240,1998,22
The Silent Storm: Star of Shadow,Alice Martin,Romance,7.2,4,True,174,2017,53
The Stolen Path,George White,Biography,13.66,4,True,413,2000,20
The Secret Crown,Peter Jackson,Mystery,15.37,1,True,276,1998,81
The Forgotten Night,Robert Anderson,Fantasy,21.55,4,True,265,2007,78
The Hidden Stone,Sarah Smith,Cookbooks,24.56,2,False,460,2001,25
The Bright Heart: Garden of Dream,James Robinson,Art,23.61,4,True,259,2024,39
The Ancient Path,Anna Martinez,Psychology,13.72,2,True,336,2001,0
The Last Light,Claire Johnson,Thriller,8.29,3,True,232,2014,52
The First Fire,Peter Clark,Biography,12.34,3,True,368,2003,3
The Bright Journey,Maria Jackson,Horror,16.15,3,True,384,2020,0
The Dark Path: Mirror of Fire,Peter Clark,Philosophy,18.49,4,True,251,2013,16
The Broken Path,Emma Martin,Sports,11.87,4,True,297,1995,52
The Lost Fire,Helen Jackson,Self Help,15.6,2,False,514,1998,121
The Wild Light,James Jackson,Biography,13.75,5,True,403,2020,32
The Stolen City,Helen Martin,Horror,17.35,5,True,365,2017,37
The Long Night: Mirror of Stone,Helen Anderson,Cookbooks,18.72,5,True,244,2001,8
The Little Storm,James Brown,Music,10.34,4,True,143,2014,33
The Dark Rain,Sofia Walker,Biography,15.23,5,True,295,1999,36
The Silent Garden,Claire Lee,Business,21.01,5,True,267,1999,65
The Great Mirror: Mirror of Path,Helen Taylor,Science Fiction,14.42,4,True,345,2005,21
The Silent Journey: Fire of Garden,David Lewis,Fantasy,15.72,5,True,386,2024,37
The Stolen Mountain: City of Path,George Harris,Religion,12.63,5,True,203,2018,96
The Long Path: Stone of Shadow,David Walker,Mystery,14.4,5,True,261,2020,8
The Wild Stone,John Anderson,Religion,16.33,4,True,321,1997,27
The Stolen Garden,Sarah Martin,Biography,16.84,3,True,554,2003,29
The Wild Heart,Michael Smith,Children's,10.64,4,True,354,2009,50
The Silent Journey,Anna Thompson,Poetry,9.52,1,True,209,1998,9
The Long Mountain,Sarah Johnson,Music,13.27,5,True,243,2005,7
The Forgotten Heart,Anna Wilson,Self Help,19.84,4,True,355,2012,7
The Broken Star: Fire of Night,Thomas Wilson,Romance,16.19,4,True,265,2008,0
The Lost Dream,Alice Martinez,Thriller,10.25,5,True,378,2018,16
The Last Storm,Michael Johnson,Philosophy,11.89,3,True,280,2012,73
The Bright Shadow,Thomas Brown,Music,20.04,5,True,284,2016,31
The Strange River,Alice Wilson,Religion,7.04,4,True,161,1997,0
The Forgotten Storm: Fire of Fire,Nina Brown,Music,8.66,5,True,433,2007,3
The Stolen Path,Laura Johnson,Thriller,11.07,4,True,550,2009,2
The Wild Light,Claire Taylor,Self Help,19.4,4,True,500,2006,32
The Ancient Stone,James Garcia,Philosophy,18.58,3,True,373,2008,61
The Strange Stone: Fire of Storm,Sarah Garcia,Philosophy,12.14,2,False,319,2017,14
The Great Stone: Stone of Star,Claire Taylor,Historical Fiction,16.44,5,False,405,2009,25
The Silent River: World of Shadow,Thomas Brown,Thriller,9.0,3,False,302,2008,19
The Bright Star,Sarah Brown,Children's,7.71,4,True,309,2007,46
The Broken Light,Emma Walker,Philosophy,11.42,4,True,486,2020,53
The Forgotten Journey,Helen Lee,Poetry,9.21,5,True,233,1998,16
The Long Dream: Wind of Mirror,Thomas White,Science Fiction,21.6,3,True,458,2010,15
The Short Fire,Nina Garcia,Psychology,15.49,3,True,160,2014,98
The Lost Path: Garden of Mountain,James Clark,Horror,10.37,5,False,176,2023,64
The Dark Garden: Storm of Storm,Nina Clark,Cookbooks,21.8,4,True,272,2016,23
The Wild World,Laura Martin,Science Fiction,14.9,4,True,479,2008,45
The Hidden River,Thomas Clark,Religion,9.89,4,True,362,2022,5
The Lost Rain: Heart of Storm,Maria Garcia,Cookbooks,22.68,5,True,430,2022,2
The Long Night,Alice Johnson,Sports,12.65,3,True,301,2009,9
The Stolen River,Laura Rodriguez,Historical Fiction,13.21,3,True,353,2024,49
The Dark Mountain,Charles Robinson,Science Fiction,20.22,2,True,295,2022,23
The Long Wind,David White,Music,5.52,3,True,399,2017,80
The First Night,David Lee,Romance,12.23,5,True,366,2001,1
The Wild River,Thomas Rodriguez,Biography,10.53,4,True,272,2019,139
The Strange World: Star of Night,Robert White,Mystery,15.78,3,True,207,2004,29
The Ancient Path: Crown of Light,Alice Robinson,Self Help,15.63,4,True,316,2011,15
The Secret Stone,Maria Thompson,Religion,9.43,5,True,247,2014,28
The First Storm: Fire of Heart,Sofia White,Religion,8.44,5,True,325,2022,44
The Last Storm,Maria Jackson,Self Help,14.62,4,True,286,2020,2
The Secret Garden: Night of Fire,George White,Religion,8.25,3,True,80,2007,101
The Lost Stone: Stone of River,Sofia Jackson,Horror,13.53,4,True,401,2015,18
The Stolen Rain,David Lewis,Music,16.17,2,True,505,1998,25
The Bright Light: Wind of City,Sofia Brown,Music,13.36,2,True,443,2002,54
The Ancient Garden,Helen Harris,Travel,13.74,3,True,248,1998,14
The Lost Stone,Charles Brown,Music,14.43,3,True,466,2001,73
The Forgotten Path,Thomas Johnson,Sports,11.98,5,True,179,1999,51
The Golden Garden,Helen Robinson,Fantasy,17.09,4,True,312,2022,24
The Hidden Fire,David Martin,Thriller,14.05,5,True,252,1995,16
The Last River: City of Stone,David Clark,Art,22.4,3,True,190,2019,55
The Bright Star,Thomas Garcia,Romance,18.56,5,True,417,2010,17
The Dark Shadow,William Smith,Horror,12.24,3,True,396,2019,41
The Golden Night: Mountain of Mountain,William Harris,Sports,10.75,5,True,412,2007,82
The Long Storm,James Harris,Sports,11.83,3,False,283,2009,78
The Short Rain,Claire Martin,Sports,9.66,4,False,358,2010,33
The Golden City: Path of Night,Robert Jackson,Cookbooks,20.08,5,True,447,1999,18
The Dark Stone,Michael Thompson,Children's,4.28,5,True,358,2020,19
The Secret Light: Star of Shadow,Charles Johnson,Historical Fiction,18.16,4,True,553,2015,77
The Lost Dream,Anna Taylor,Mystery,13.68,3,True,288,2010,68
The Golden Night,Michael Rodriguez,Fantasy,14.59,4,True,438,2014,13
The Ancient Dream,Charles Taylor,Fantasy,18.61,4,True,309,2020,15
The Strange River: Light of Rain,Alice Thompson,Science Fiction,19.54,3,True,317,2004,6
The Lost Wind,Alice Clark,Thriller,15.94,2,True,369,1995,9
The Hidden Dream: Fire of World,Sarah Rodriguez,Mystery,11.63,4,True,236,2018,48
The Last Mountain,George White,Science Fiction,19.26,3,True,456,1998,64
The Lost Storm,Sofia Martinez,Thriller,14.41,4,True,317,1998,4
The Dark World: City of Garden,William Robinson,Historical Fiction,9.87,4,False,426,2003,2
The Stolen Garden,Anna Garcia,Romance,12.99,3,False,296,2003,63
The Strange Journey: City of Dream,Claire Johnson,Horror,15.05,4,False,198,2022,25
The Forgotten Journey: Fire of Stone,Laura Wilson,Thriller,9.5,1,True,259,2019,12
The Short Night: World of Fire,John Taylor,Cookbooks,21.8,5,True,336,2009,50
The Hidden Light: Night of Rain,Helen Lee,Historical Fiction,16.22,3,True,419,2016,83
The Great Rain: Star of Dream,Thomas Jackson,Business,20.35,2,True,490,2016,20
The Bright Wind: Star of Shadow,Emma Wilson,Horror,15.87,4,True,309,2010,16
The Silent Heart: Garden of Mountain,Sofia White,Music,12.13,4,True,311,2002,87
The Secret Path: Heart of Crown,Laura Lee,Philosophy,17.48,3,True,280,2022,84
The New Garden,John Smith,Music,16.59,1,True,375,2008,115
The Little Wind,Sarah Walker,Historical Fiction,10.73,5,False,417,2015,11
The Great Wind,Laura Martin,Travel,17.29,2,True,485,1996,9
The New Garden,Charles Walker,Biography,15.93,3,True,292,2016,31
The New Dream,Robert Smith,Cookbooks,16.31,4,True,223,2021,1
The Little Rain,Michael Johnson,Travel,19.33,5,True,473,2010,7
The Ancient Dream,Alice Moore,Fantasy,13.63,5,True,304,2022,1
The Golden Crown: River of Garden,Michael Martinez,Horror,12.25,2,True,424,2015,62
The Forgotten Crown,Helen Rodriguez,Psychology,11.75,2,True,341,2010,84
The Great Shadow,Thomas Lee,Mystery,16.41,5,True,365,2011,29
The Long City: World of Dream,Anna Walker,Thriller,3.54,3,True,381,2005,19
The Secret Journey: Mountain of Light,Anna Martin,Sports,14.79,5,False,443,2009,20
The Bright Journey: Rain of Storm,Peter Martin,Fantasy,19.64,4,True,438,2024,42
The Golden River,George Thompson,Philosophy,15.26,2,False,175,1999,16
The Great Wind: Garden of Dream,William Lewis,Thriller,20.6,5,True,304,2013,32
The Little Storm: Journey of Night,Maria Taylor,Poetry,10.15,4,True,472,1999,2
The Lost River,David Harris,Historical Fiction,11.4,4,True,201,1999,1
The First River: Shadow of Mirror,Laura Taylor,Historical Fiction,12.5,5,True,257,2016,14
The Wild Wind,Maria Harris,Philosophy,10.08,4,True,312,1996,11
The Secret Journey: Garden of Wind,James Smith,Horror,12.29,1,False,188,2001,0
The New Mountain: Mirror of Stone,Peter Walker,Religion,10.92,5,True,252,2018,29
The First Crown,Sarah Wilson,Children's,2.5,5,False,330,2018,17
The Forgotten Path,Nina Lewis,Sports,13.75,2,True,252,2000,14
The Last Night,Claire Johnson,Psychology,18.77,4,True,321,2005,42
The Lost Star: Storm of Fire,Helen Lewis,Religion,9.52,4,True,183,2020,18
The Great Mountain: Rain of Heart,Maria Wilson,Business,18.93,4,True,365,2012,12
The Hidden Mirror,Alice Martin,Horror,10.31,3,True,333,2004,2
The Short Rain,Peter Smith,Children's,13.64,2,True,400,2006,16
The Wild Star: Mountain of Shadow,Sofia Garcia,Art,14.47,2,False,255,1998,19
The Last Wind: Night of Rain,William Rodriguez,Horror,11.54,2,False,326,2009,15
The Lost Storm: River of Garden,Maria Brown,Music,14.59,4,False,359,2000,15
The Little Night: River of River,Thomas Taylor,Philosophy,14.65,4,True,321,2021,85
The Hidden World,Sofia Johnson,Poetry,13.34,4,True,345,1996,4
The Last Wind,Robert White,Thriller,9.0,1,True,329,2009,19
The Ancient Garden,Michael Lewis,Horror,11.55,4,True,150,2018,1
The Hidden Stone,Sarah Thompson,Religion,12.56,3,False,227,1998,45
The First Star,Laura Garcia,Travel,19.39,4,True,358,2016,19
The Strange City,Claire Garcia,Mystery,8.82,3,True,402,2022,54
The First World,William Smith,Philosophy,19.87,5,True,297,2012,68
The Forgotten Shadow,Charles Garcia,Fantasy,13.53,3,True,392,1997,30
The Golden Mirror,Maria Anderson,Travel,20.57,4,True,170,2002,40
The Last River,Helen Johnson,Religion,8.18,4,True,283,2024,5
The New Wind,Sarah White,Philosophy,13.92,3,True,390,2018,0
The Strange Garden,Robert Taylor,Psychology,19.59,3,True,445,1997,2
The Broken Fire,Charles Harris,Children's,2.5,4,True,247,1999,32
The Long Mirror: Journey of City,Emma Martin,Psychology,10.68,5,True,266,2002,21
The Last Mirror,Sofia Clark,Poetry,7.17,4,True,358,2006,0
The Strange Wind,Charles Brown,Travel,17.91,3,True,320,2022,1
The Little River,Sarah Brown,Fantasy,13.69,3,True,286,2022,0
The Dark Stone,Helen Moore,Sports,12.09,3,True,463,2012,80
The Little Wind,Claire Thompson,Self Help,16.44,4,True,289,2023,61
The First World,Maria Brown,Psychology,14.62,3,True,360,2011,14
The Wild Star: Rain of World,Laura Wilson,Mystery,8.82,4,True,332,2013,27
The Strange Mirror,John Jackson,Fantasy,16.23,4,True,365,2006,12
The Lost River,William Garcia,Biography,13.24,2,True,264,2009,14
The Lost Garden,Maria White,Historical Fiction,7.07,4,True,387,2003,5
The Little Stone,Anna Thompson,Psychology,22.26,4,True,237,2023,17
The Great Light,Robert Rodriguez,Romance,15.85,4,True,496,2021,7
The Strange Fire: Night of Rain,Claire Robinson,Cookbooks,18.37,4,True,310,1997,27
The Last River,David Thompson,Sports,13.89,4,True,362,2021,71
The Wild Journey: Dream of Fire,John Clark,Science Fiction,16.08,2,True,284,2000,55
The Dark Mountain,Helen Lee,Poetry,12.18,5,True,286,2015,5
The Lost Stone,David White,Sports,14.32,4,False,317,2011,69
The Short Stone: Storm of Heart,Alice Robinson,Horror,5.79,3,True,433,2010,7
The Silent Mountain: Star of World,Helen Wilson,Music,11.92,4,True,443,2011,23
The Silent Garden: Star of Stone,Sarah Jackson,Self Help,17.7,5,True,340,1999,18
The Dark River,Maria Martinez,Science Fiction,16.82,4,True,378,2014,109
The Silent Fire: Star of Shadow,Peter Rodriguez,Science Fiction,14.31,5,True,306,1997,20
The Bright Star,Emma Martinez,Music,16.08,4,True,80,2006,91
The Great Journey,John Garcia,Historical Fiction,13.93,4,True,285,2020,44
The Forgotten Journey,John Jackson,Psychology,12.29,3,True,356,1997,15
The Short Wind,Alice Smith,Travel,13.81,3,True,397,2020,110
The Long Rain,Emma Garcia,Mystery,16.34,3,True,366,2017,0
The Ancient Mirror,Thomas Lee,Business,20.54,4,True,366,2022,5
The Ancient Stone,Nina Garcia,Philosophy,17.8,4,True,387,2008,50
The Little Fire,Peter Lewis,Philosophy,16.23,2,True,416,2004,23
The Stolen Path: Dream of Mountain,Laura Wilson,Psychology,14.43,4,True,252,2011,2
The Broken Wind: Shadow of City,Anna Smith,Horror,9.23,5,True,292,2021,103
The Strange Star,Sarah White,Fantasy,7.37,2,True,339,1997,24
The Lost Path: Path of Star,Maria Harris,Religion,14.31,2,False,404,2014,2
The Silent Fire,Alice Rodriguez,Historical Fiction,8.37,3,True,251,1996,11
The Great Rain: Star of City,James Thompson,Religion,14.9,3,True,302,1995,22
The Hidden Light: Mirror of Path,Anna Lee,Thriller,15.22,5,True,208,1995,32
The Hidden Wind,Peter Lee,Romance,16.76,2,True,202,2021,76
The Wild Star: Crown of Path,Helen Smith,Self Help,3.43,4,True,336,2008,34
The Forgotten Wind,George Martin,Sports,13.73,3,False,275,2020,43
The Last Wind: Stone of Light,Laura Garcia,Sports,14.67,4,True,365,2019,25
The Broken Crown: Stone of Night,John Taylor,Biography,17.37,3,True,274,2007,24
The Wild Garden,William Rodriguez,Biography,13.57,4,True,283,2017,1
The Wild Storm,Sofia Brown,Self Help,11.12,1,True,420,2000,25
The Broken Mirror,Helen White,Music,12.85,5,True,333,2018,0
The Strange River,Robert White,Children's,10.89,3,True,241,2001,3
The Short Mirror,Michael Taylor,Biography,11.29,5,False,246,2016,13
The Short Night: Wind of Shadow,John Thompson,Music,14.92,4,True,337,2010,84
The Last Fire,Maria White,Psychology,16.37,2,True,310,2019,40
The Bright Shadow,Thomas Clark,Psychology,6.46,4,False,307,1996,42
The Stolen Path: City of Crown,Michael Rodriguez,Sports,16.38,5,True,431,2017,50
The Dark River,Michael Martin,Mystery,13.31,3,True,337,2022,3
The Silent Wind,Nina Clark,Self Help,16.16,2,False,428,2005,15
The Silent Fire,Thomas Thompson,Cookbooks,20.0,4,True,374,2007,21
The New City,Helen Jackson,Self Help,12.07,3,True,210,2018,1
The Wild Wind,Anna Moore,Self Help,12.41,5,True,450,2018,66
The Strange Night,John Anderson,Fantasy,16.18,4,False,217,2022,74
The Little Garden: Storm of Light,Peter Lee,Sports,15.35,4,True,223,1998,12
The Lost River: Fire of Dream,Laura Martin,Thriller,14.32,4,True,238,2006,13
The Little Light,Thomas Taylor,Philosophy,10.84,4,True,467,2016,7
The Golden Stone,Peter Wilson,Religion,10.85,3,False,374,2004,2
The Broken Rain,Laura Brown,Cookbooks,20.14,3,True,229,2004,63
The Bright City: Garden of Journey,Charles Lee,Art,21.2,4,True,230,2024,18
The Hidden City,Sofia Martin,Romance,20.44,1,True,390,2017,21
The Short Path,Laura Thompson,Self Help,14.08,4,True,369,2011,13
The Ancient City,Emma Anderson,Art,24.5,4,True,384,2016,130
The Hidden River,Michael Taylor,Self Help,16.36,2,True,373,2023,10
The Little Shadow,Anna Rodriguez,Music,14.36,3,True,459,1997,16
The Last Star,Anna Harris,Science Fiction,15.58,5,True,324,2018,0
The New World,David Smith,Travel,16.61,5,True,341,2006,21
The Strange Crown: Wind of Light,Peter Robinson,Business,12.4,2,True,245,2017,9
The Silent Stone,Helen Martinez,Philosophy,14.64,4,True,172,2015,22
The First Mirror,Robert Brown,Philosophy,15.07,5,True,340,2006,2
The Last World,Emma Rodriguez,Poetry,5.59,3,True,264,2022,5
The Stolen Storm,Emma Clark,Fantasy,18.49,4,False,370,2010,5
The Dark Journey: Star of Mountain,Emma Lewis,Travel,17.74,3,True,422,2008,39
The Ancient Path,Anna Garcia,Philosophy,12.16,5,True,206,1997,12
The Wild Rain: Star of Light,George Lewis,Poetry,13.46,4,True,313,2008,2
The Hidden City,Michael Robinson,Children's,5.08,2,True,508,2003,110
The Strange River,Claire Johnson,Religion,6.37,4,False,336,1995,39
The Forgotten Storm,Laura Smith,Thriller,12.33,5,True,287,1999,21
The Strange River,George Clark,Mystery,5.26,2,False,458,2009,6
The Broken Heart: World of Shadow,Nina Garcia,Historical Fiction,9.02,2,True,296,2010,64
The Golden Light: Night of Dream,Robert Garcia,Thriller,11.5,5,True,372,2009,7
The Lost River,Michael Rodriguez,Biography,10.41,4,True,361,2001,31
The Secret Storm: City of Shadow,Peter Rodriguez,Music,14.66,5,True,260,2010,7
The Golden Mirror: River of Dream,Robert Martinez,Travel,17.49,4,True,321,2000,6
The Long Dream,Robert Smith,Self Help,20.32,3,False,302,2013,35
The Short World,Sarah Jackson,Music,10.65,4,True,362,1997,51
The Broken Shadow,Claire Lewis,Religion,10.9,1,False,319,1999,15
The Wild Garden: Mirror of Crown,Alice Smith,Music,9.62,3,True,374,2006,65
The Last Shadow,Laura Lewis,Fantasy,12.35,4,True,343,2017,1
The Golden Stone,William Martin,Music,21.35,2,False,297,2003,11
The Little City,Claire Robinson,Religion,14.6,5,True,303,2003,1
The Stolen Crown,Maria Garcia,Philosophy,12.73,4,True,438,2023,49
The Short Mirror: Mountain of Garden,Sarah Lewis,Mystery,6.47,5,True,410,2001,10
The Strange Wind,George Martin,Sports,6.1,4,True,400,2005,9
The Forgotten Rain: Shadow of World,David Johnson,Science Fiction,15.05,3,True,234,2010,1
The Forgotten Shadow,Anna Clark,Children's,6.58,5,True,381,2017,30
The Last Shadow,Charles Brown,Psychology,21.92,4,True,179,2024,49
The Strange Heart,James Thompson,Children's,4.85,5,True,200,2023,102
The Stolen Shadow: Light of Rain,James Brown,Poetry,9.34,5,True,402,1997,22
The Great Dream,Robert Lewis,Children's,2.92,4,True,318,2001,7
The Wild Stone: City of Wind,Peter Martinez,Sports,16.1,3,True,282,2019,2
The Stolen Crown: Journey of Dream,David Wilson,Psychology,5.89,5,True,337,2011,63
The Silent Wind: Crown of Mirror,Sofia Lewis,Business,22.33,5,False,223,2005,37
The Ancient Journey: Garden of Star,Robert Lee,Cookbooks,13.77,4,True,348,2007,1
The Last Mirror: Crown of Path,Emma Johnson,Philosophy,16.22,1,False,276,2014,18
The Great World: Storm of Night,George Jackson,Mystery,10.64,5,True,323,2005,8
The Last Wind,Helen Lee,Mystery,9.19,3,True,222,1996,0
The Stolen World,William Lee,Art,24.38,4,True,216,2003,66
The Hidden Stone,Alice Brown,Travel,9.96,3,True,259,2020,43
The Silent Fire: Stone of Dream,Charles Harris,Music,12.37,3,True,361,2020,81
The Secret Heart: Garden of Mirror,Thomas Martinez,Psychology,12.91,4,False,448,1998,37
The Short Night: Path of Shadow,George Rodriguez,Biography,16.3,4,True,247,2012,6
The Bright Garden,Robert Anderson,Psychology,16.46,5,True,446,2018,1
The New Star,Sarah Jackson,Horror,14.28,3,True,184,2020,43
The Bright World,John Lee,Horror,10.66,4,True,342,2012,24
The Last Heart,Thomas Anderson,Horror,14.12,5,True,303,2010,41
The Golden Fire,Helen Moore,Philosophy,13.88,5,True,481,2018,41
The Wild Mountain,Thomas Martin,Sports,15.33,3,True,357,2013,57
The Forgotten Journey,William Moore,Romance,10.05,3,True,220,2014,134
The First City: Star of Crown,Charles Anderson,Mystery,14.54,4,True,390,2024,28
The Golden Mirror,Sarah Taylor,Biography,15.98,3,True,380,2002,6
The Bright Storm,Michael Harris,Religion,14.43,3,True,396,1995,0
The Golden Wind,Peter Rodriguez,Business,12.69,4,True,287,2012,59
The Short World: Night of Path,Helen Rodriguez,Music,15.75,2,True,324,2000,24
The First River: Star of Light,James Robinson,Historical Fiction,16.45,3,True,357,1995,56
The Secret Light: Mirror of Dream,Emma Harris,Romance,4.46,2,False,418,2015,70
The Wild Path,Michael Martin,Horror,10.32,3,True,242,2014,71
The Hidden City,Laura Lewis,Philosophy,18.71,3,False,375,1995,34
The Wild Rain,John Garcia,Historical Fiction,18.24,5,True,343,1995,0
The Stolen Mirror: Mountain of Rain,Nina Johnson,Cookbooks,18.71,4,True,332,2023,11
The Dark Wind: Mountain of World,Sofia Garcia,Horror,8.4,4,True,198,1997,14
The Great Star: Mountain of Journey,Robert Lee,Horror,9.8,2,True,458,2004,53
The Broken Crown,Alice Anderson,Religion,10.12,4,True,166,2016,14
The Bright Storm: Rain of World,Thomas Anderson,Children's,7.45,5,True,270,2013,35
The Broken Heart,Michael Wilson,Thriller,16.91,3,True,450,2023,18
The Dark Garden: Journey of Journey,George Robinson,Fantasy,12.55,3,True,343,2021,11
The Bright River,David Smith,Self Help,15.2,2,False,315,2014,25
The Last Star,Robert Walker,Religion,11.19,4,True,236,2016,42
The Stolen Heart: Fire of World,Maria Walker,Mystery,6.54,4,True,236,2015,10
The Silent Path,Claire Wilson,Cookbooks,19.71,3,True,189,1996,11
The Dark Light: Mountain of River,Alice Brown,Poetry,10.73,4,True,326,2009,2
The Strange Garden: Mountain of Journey,Anna Johnson,Religion,10.09,4,True,295,2021,34
The Broken Path: Stone of Star,Peter Rodriguez,Horror,7.45,1,True,394,2017,117
The Great Dream,James Jackson,Historical Fiction,16.84,4,True,216,2007,32
The Little Path,James Moore,Historical Fiction,10.07,4,True,237,2007,70
The First Crown,George Walker,Travel,17.93,3,True,350,2017,31
The Bright Crown: Crown of Heart,Maria Taylor,Sports,16.67,4,True,425,2013,0
The Bright Path,Laura Smith,Philosophy,9.64,4,True,366,2013,110
The New Heart,David Taylor,Children's,11.94,3,True,289,2017,39
The Stolen Heart,Anna Rodriguez,Art,21.92,2,True,304,2000,48
The Little Path,David Martin,Horror,11.54,3,True,394,2016,19
The Silent World,James Martinez,Fantasy,20.12,4,True,444,2018,9
The First City,Claire Moore,Art,20.24,3,True,343,2019,73
The Dark Crown,John Lewis,Self Help,11.26,3,True,257,2014,9
The Wild River,John Robinson,Music,13.76,4,True,255,1997,32
The Short Night,Peter White,Religion,9.97,5,True,341,2012,63
The Lost City,William Johnson,Children's,9.75,5,True,362,1996,27
The Short Storm,Sarah Johnson,Psychology,16.69,4,True,208,2000,46
The First Star: Star of Stone,Peter Wilson,Thriller,10.33,3,False,323,2018,88
The Stolen Shadow,George Martin,Psychology,18.76,3,True,532,2007,16
The Ancient Wind,John Anderson,Romance,13.06,5,True,384,2022,21
The Broken Rain,Alice Moore,Self Help,9.31,4,True,382,1998,19
The Great Heart,Charles Harris,Psychology,21.97,5,True,251,2022,2
The Last Rain,Charles Thompson,Business,16.08,4,False,397,2014,0
The Strange Rain: Fire of Fire,David Walker,Psychology,15.09,2,True,147,2004,23
The Dark Dream,Michael Moore,Children's,6.27,4,True,449,2008,10
The Lost Garden,Alice Smith,Poetry,9.02,2,True,294,2017,7
The Last Heart,Maria Lewis,Travel,18.77,5,True,350,1995,40
The Broken Garden,Helen Walker,Science Fiction,13.84,3,False,264,2021,10
The Golden Garden: Fire of Fire,James Anderson,Thriller,23.32,3,True,432,2015,15
The Little Garden,Thomas Johnson,Art,23.69,3,True,369,2004,85
The Broken Wind,Alice Lee,Psychology,14.56,3,True,349,2020,24
The Hidden World,Emma Martin,Cookbooks,19.2,4,False,243,2015,24
The Silent Stone: City of Star,Michael Harris,Philosophy,16.29,4,True,291,2005,63
The Last Journey,Robert Thompson,Historical Fiction,15.47,4,True,374,2004,33
The Great Storm,William Johnson,Children's,9.66,3,True,236,2024,41
The New Rain,John Rodriguez,Romance,10.54,3,True,293,2005,0
The Great Storm: World of Dream,Maria Anderson,Music,17.42,4,True,402,1996,6
The Secret Rain,George Johnson,Art,19.52,2,True,206,2014,8
The Broken Crown: Dream of Rain,George Smith,Romance,20.49,3,True,358,2004,2
The Broken River,Nina Lewis,Children's,3.18,3,True,269,2009,112
The Last World,Michael Smith,Science Fiction,18.57,4,False,507,2012,19
The Forgotten River,Peter Martin,Sports,19.55,4,True,355,2017,6
The Long Mountain,George Walker,Travel,6.77,5,True,320,2012,34
The Lost World,James Taylor,Art,18.45,4,True,327,1997,4
The Secret City: Stone of Crown,Charles Thompson,Poetry,6.87,4,True,283,2021,8
The Little Heart: Crown of Stone,Claire Brown,Children's,11.0,3,True,298,2024,24
The Forgotten Crown,Laura Clark,Art,20.95,5,True,315,2002,2
The Short Light: Path of City,Sofia Martin,Fantasy,23.17,4,True,219,1995,40
The Strange Dream,Laura Wilson,Romance,12.98,5,True,478,2006,60
The Long World,Anna Taylor,Religion,11.81,3,True,430,2015,54
The First Wind,Helen Martinez,Romance,7.38,5,True,301,2002,74
The Silent Fire,Sofia Moore,Philosophy,12.2,3,True,314,2013,56
The Ancient Stone: Wind of Mountain,David Brown,Poetry,9.85,2,False,325,2017,73
The Strange Dream,Laura Martin,Psychology,17.97,5,True,117,2021,2
The Silent Storm: Heart of Star,Michael Walker,Art,19.88,3,True,339,2007,57
The Strange Shadow,Claire Lee,Business,11.43,3,True,375,2015,15
The Bright World,George Garcia,Mystery,10.81,3,True,303,2009,21
The Golden Garden,George Martinez,Children's,11.14,4,True,434,2024,0
The Hidden Stone,Maria Garcia,Cookbooks,22.28,4,True,217,2022,0
The Lost Mirror: Shadow of Night,Peter Thompson,Travel,18.1,4,True,380,2004,2
The Wild Journey: Path of Garden,Anna Garcia,Mystery,14.6,5,True,451,2012,48
The Silent Fire,Peter Garcia,Children's,8.29,3,True,446,2006,38
The Bright Storm: World of World,Emma Brown,Poetry,14.91,3,True,382,1999,7
The Ancient World,Thomas Robinson,Music,15.04,5,True,361,2017,49
The Ancient Star,Maria Martinez,Religion,17.95,5,True,416,2009,30
The Stolen Mountain,Charles Smith,Horror,8.39,4,True,355,2022,44
The Great Light,Peter Lee,Biography,13.03,3,True,261,1996,9
The Strange Mirror,John Brown,Psychology,13.7,5,True,193,2018,24
The Last Crown,Maria Walker,Sports,9.82,5,True,456,2010,37
The Little Stone,James Martin,Romance,9.7,4,True,396,1995,10
The New Rain: Stone of Garden,Thomas Thompson,Music,14.6,3,False,369,2020,10
The First City,Charles Harris,Travel,18.09,3,True,234,2013,31
The Lost Fire,Helen Johnson,Self Help,16.97,5,True,209,2004,52
The Dark Storm,Claire Rodriguez,Religion,9.56,2,True,372,2020,42
The Last World: Light of Light,Emma Taylor,Self Help,10.47,1,True,143,2024,10
The Bright Crown,David White,Psychology,16.22,1,False,179,2002,38
The Silent Rain: Garden of Heart,Claire Walker,Music,16.38,5,False,292,1999,13
The Ancient Path,Laura Wilson,Music,15.17,3,True,348,2018,30
The Lost Light: Dream of Shadow,David Robinson,Cookbooks,22.65,5,True,375,2004,211
The Little Mountain,Anna Clark,Music,10.44,1,True,298,2011,15
The Dark Storm: Crown of Path,Sofia Rodriguez,Poetry,11.17,3,True,448,1996,37
The Little Mirror: Journey of Star,Nina Martin,Science Fiction,17.18,4,True,439,2020,1
The Last Stone,Robert Lee,Science Fiction,16.35,4,True,418,2011,34
The Silent Garden,Emma Brown,Business,18.87,4,True,414,1998,163
The Forgotten Crown,George White,Sports,11.77,4,True,460,1995,17
The Hidden Shadow: River of Star,Michael Taylor,Religion,13.75,5,True,194,2014,92
The Secret Stone: City of Dream,David White,Fantasy,15.29,3,True,130,2016,190
The New Light: Garden of Light,David Brown,Romance,14.19,4,True,399,1996,1
The Secret Garden: Light of Light,David Robinson,Horror,18.84,4,True,274,2024,16
The Short Path,John Taylor,Children's,14.87,4,True,320,2019,36
The Golden Star: Crown of Light,Michael Johnson,Poetry,7.4,4,True,276,2013,32
The New Night: World of Night,James Garcia,Self Help,15.97,4,True,240,2017,38
The Secret Stone,John Clark,Business,16.83,1,True,350,2022,52
The Little Mountain,John Taylor,Romance,17.44,5,True,396,2024,56
The Broken Storm,Sarah Thompson,Cookbooks,20.15,4,True,370,2005,17
The New Storm: City of Wind,James Garcia,Romance,12.84,3,True,216,2004,88
The Forgotten Mirror,Laura Moore,Horror,18.14,3,True,461,2001,1
The Long Mountain,Sarah Lewis,Mystery,12.74,2,True,279,2010,32
The New Night,James Martin,Philosophy,11.04,5,True,376,1996,76
The Forgotten River: Rain of Crown,Peter Anderson,Horror,14.2,3,True,247,2002,56
The Lost World,Emma Clark,Romance,12.89,5,True,393,2014,21
The Wild World,James Harris,Historical Fiction,12.19,5,True,302,1998,59
The Short City: Heart of Dream,Michael Clark,Art,21.28,2,True,252,2014,8
The Hidden River,Anna Martin,Biography,15.38,3,True,180,2016,3
The Little World,Alice Johnson,Psychology,14.1,5,True,298,2005,49
The Forgotten Light,Thomas Wilson,Romance,11.78,3,True,363,2012,56
The New Mountain: Shadow of World,Michael Walker,Thriller,8.79,3,True,226,2000,4
The Strange Heart,David Brown,Mystery,10.31,4,True,203,2013,2
The Ancient Fire: River of World,Nina Rodriguez,Travel,18.08,3,True,269,2002,14
The Short Shadow,John Walker,Thriller,12.89,3,False,243,2015,29
The Stolen Journey,Robert Moore,Travel,14.74,4,True,347,2011,24
The Short Mirror: Wind of Rain,Robert Robinson,Science Fiction,16.22,3,True,229,2016,23
The Last Shadow,Claire Clark,Children's,7.72,3,True,245,2000,60
The Lost Mirror,Thomas White,Historical Fiction,13.59,4,True,262,2020,45
The Lost Dream: Wind of City,David Smith,Art,28.41,5,True,393,1998,69
The Wild Crown,Sofia Martinez,Romance,13.38,5,True,146,2016,159
The Wild Dream,Michael Jackson,Business,17.02,3,True,396,2022,23
The Secret Mountain,Helen Clark,Children's,7.82,4,True,473,2008,63
The Golden Star,Anna Thompson,Fantasy,17.33,4,True,287,2018,13
The Stolen Light,Claire Johnson,Children's,13.47,2,True,295,1996,7
The Bright Dream: Crown of Journey,David Martin,Self Help,20.66,4,True,466,2004,36
The Silent Star: Stone of Wind,Robert Brown,Religion,13.03,3,True,183,2011,37
The Golden Stone,Laura White,Music,14.76,3,True,221,2008,11
The Wild Garden,Robert Lee,Biography,13.87,5,False,271,2024,11
The Dark Journey: Shadow of Fire,Maria Johnson,Psychology,11.13,3,True,339,2007,55
The Forgotten Crown,Sarah Lewis,Music,11.49,4,True,299,2017,65
The Golden World,Robert Brown,Poetry,8.14,4,True,363,2016,8
The Silent Crown: Stone of Night,Laura Robinson,Travel,17.43,3,True,292,2022,10
The Silent Mirror: Night of Heart,Anna Martin,Horror,13.87,4,True,430,2004,5
The Last Star,Alice Brown,Poetry,2.7,2,True,267,2005,23
The Great Mirror: Dream of Path,William Robinson,Historical Fiction,10.72,3,True,259,2006,83
The Silent Wind: Wind of River,Claire Martin,Cookbooks,12.17,4,True,129,1998,5
The Long River: Mountain of Garden,William White,Music,4.38,4,True,275,2008,270
The Lost Heart,Laura Clark,Self Help,12.16,5,True,444,2021,6
The Strange Wind: Wind of Storm,Laura Walker,Science Fiction,15.49,4,True,128,2016,84
The Golden Crown,Anna Wilson,Romance,13.78,2,True,673,1997,1
The Silent Light,Claire Clark,Science Fiction,7.71,5,True,475,2001,6
The Dark Storm,Peter Anderson,Sports,12.84,3,True,281,2008,1
The Dark Storm,Emma Jackson,Art,20.01,4,True,349,2011,11
The Ancient Stone,Sofia Clark,Business,16.54,5,True,218,2017,17
The Little Crown,Helen Anderson,Sports,11.13,5,True,352,2004,9
The Last Mountain,George Johnson,Thriller,15.4,5,True,486,2004,17
The Silent Star: Wind of Storm,David Wilson,Art,22.34,5,True,436,2017,9
The Silent Mountain,Sofia Lee,Fantasy,13.32,5,True,314,2003,38
The Silent River,James Martin,Cookbooks,19.59,4,False,339,1999,39
The New Wind: Wind of Storm,Michael Smith,Cookbooks,23.04,5,True,279,2010,75
The New Garden,Peter Rodriguez,Fantasy,10.89,3,True,405,2017,115
The Strange Storm: Stone of World,Helen Robinson,Travel,19.07,5,True,452,1998,13
The Lost World: Dream of Storm,Emma Garcia,Music,11.89,4,True,299,2002,10
The Stolen Heart,Charles Moore,Art,25.49,5,True,278,2002,7
The Golden Night,Laura Brown,Self Help,16.24,2,False,302,2007,3
The Strange Garden: Rain of Shadow,William Garcia,Children's,9.13,3,True,216,2022,120
The Stolen Path,George Thompson,Poetry,10.3,3,True,80,2009,22
The Hidden River: Crown of Journey,Laura Harris,Philosophy,19.22,4,True,389,2018,30
The Ancient World: Star of Heart,Claire Moore,Poetry,6.68,4,True,477,2022,75
The Broken Heart: Stone of Path,Sarah Smith,Sports,16.97,3,True,220,2024,7
The Ancient City,Helen Anderson,Self Help,12.15,4,True,224,2021,62
The First Wind,George Lee,Horror,13.23,4,True,268,2012,11
The Wild Night: World of Light,George Clark,Art,15.31,4,True,313,2016,19
The Ancient City,Robert Smith,Travel,19.19,3,True,329,2003,46
The Hidden Star: Stone of Fire,Helen Martinez,Music,15.9,5,True,337,2015,29
The Forgotten Mirror,Helen Smith,Music,16.56,4,True,345,2000,13
The Lost World,Claire Thompson,Psychology,14.57,4,True,328,2003,21
The Ancient Mirror,George Rodriguez,Cookbooks,25.31,1,True,374,1997,37
The Golden City: Star of City,Peter Martin,Sports,9.67,3,True,326,2021,29
The Last Mirror,Helen Thompson,Travel,17.17,5,True,306,1995,143
The Great Storm,John Martinez,Fantasy,7.32,2,True,242,2024,1
The Forgotten River,Robert Moore,Thriller,11.55,3,True,489,2012,33
The Great Wind: Dream of Journey,Laura Brown,Religion,13.7,3,True,180,1999,60
The Strange Mirror,William Anderson,Mystery,12.67,3,True,439,2023,15
The Great Garden,George Smith,Religion,9.96,3,True,413,1998,3
The Bright World: Storm of World,Alice Anderson,Biography,10.68,5,False,80,2008,8
The Hidden Night: Journey of Shadow,Alice Taylor,Science Fiction,19.2,5,True,278,2016,16
The Long Shadow,Nina Johnson,Sports,6.46,5,True,285,2016,4
The Forgotten Dream: River of Stone,Alice Wilson,Mystery,13.67,4,True,360,1995,1
The Bright Light: Mirror of Mirror,David Rodriguez,Romance,3.29,3,True,260,2014,37
The Great Stone,Helen Smith,Biography,16.21,4,True,360,2017,2
The First City: Wind of Night,Michael Moore,Children's,4.63,4,False,301,2022,97
The Stolen Stone,Michael Wilson,Music,11.95,3,True,340,2007,27
The Golden Rain,Michael Martin,Poetry,14.06,5,True,289,1998,33
The Bright Fire: Storm of Wind,James Brown,Sports,8.2,2,True,256,1998,15
The First Crown: Storm of Crown,Robert Lewis,Horror,18.07,4,True,242,2022,2
The Golden Heart: Fire of Mirror,David Smith,Poetry,5.79,3,False,284,2010,61
The Secret Crown,Sarah Taylor,Science Fiction,14.67,3,True,272,2007,74
The Forgotten City,Alice Martin,Psychology,9.7,4,True,348,2022,46
The Forgotten Mountain: Fire of Light,Helen Lee,Horror,12.79,4,True,382,2020,18
The Stolen Fire: Path of Fire,Maria White,Horror,12.71,4,True,466,2009,19
The Forgotten Light,Robert Anderson,Science Fiction,17.71,3,True,369,2018,62
The Hidden Fire: City of Path,Charles Martin,Historical Fiction,18.2,4,True,332,2014,16
The Forgotten Heart: Rain of Fire,Laura Moore,Religion,11.35,5,True,347,2010,23
The Great Light,Peter Lewis,Music,7.17,4,True,332,2019,13
The Ancient Dream,Sofia Garcia,Historical Fiction,13.67,4,True,357,1996,14
The Silent Wind: Storm of City,John Martinez,Historical Fiction,17.65,5,True,372,2017,17
The Strange Dream,John Lewis,Horror,9.53,5,True,397,2013,0
The Strange Wind: Rain of Shadow,Anna White,Music,19.77,4,True,416,2007,4
The Stolen Storm,Emma Lee,Religion,7.47,3,True,371,2021,27
The Stolen Stone,Sofia Garcia,Cookbooks,15.93,3,True,294,2006,18
The Ancient Mirror,Robert Jackson,Cookbooks,21.36,2,True,342,2004,17
The Hidden Heart: Dream of Garden,David Smith,Psychology,18.67,3,True,468,1996,9
The Ancient Stone,Thomas White,Art,23.72,5,True,287,2010,19
The Dark Garden,Anna Martin,Psychology,8.32,1,True,438,2020,30
The Forgotten River,Maria Martin,Music,13.69,4,True,316,2004,17
The Ancient River,Sarah Lewis,Cookbooks,20.14,3,True,359,2003,43
The First Stone,Robert Walker,Historical Fiction,15.66,3,True,295,1997,27
The Forgotten Stone,Sarah Lee,Psychology,14.65,5,True,265,2010,57
The Golden Mirror: Storm of Rain,George Martinez,Poetry,7.52,5,True,255,2005,93
The Ancient Path,Maria Robinson,Children's,7.61,3,True,239,2012,71
The Dark Rain: Stone of Fire,Alice Robinson,Thriller,2.83,3,True,286,2015,17
The Short Journey: Shadow of Rain,Alice Thompson,Philosophy,10.67,4,True,329,2002,57
The First Journey,Sarah Moore,Fantasy,11.88,3,True,361,2003,10
The Silent Light: Mountain of Path,Robert Taylor,Travel,11.96,4,True,162,1995,2
The First Crown,Thomas Martinez,Biography,15.66,4,True,282,1996,7
The Silent Light,Nina White,Children's,3.39,5,True,389,2000,79
The Strange Night,Sarah Martin,Historical Fiction,10.49,4,True,252,2022,9
The Ancient Mirror: Heart of Path,Claire Jackson,Romance,15.41,4,True,366,2018,60
The Forgotten Rain: Stone of Rain,Nina Clark,Sports,9.14,4,True,290,2002,15
The Forgotten Garden,Helen Garcia,Religion,7.81,2,False,400,2018,171
The Ancient River,David Moore,Biography,19.13,5,False,484,2009,11
The Last Stone,Peter Thompson,Poetry,17.99,4,True,264,1998,19
The Little Journey,Robert White,Business,20.49,5,True,150,2024,7
The Stolen Fire: Storm of Night,Charles Johnson,Fantasy,14.65,5,True,358,2016,28
The Wild Light,George Thompson,Historical Fiction,10.67,4,True,259,2016,10
The Little Mountain: Path of Night,Anna White,Science Fiction,18.15,3,True,360,2024,39
The First River: City of Crown,Sofia Martinez,Biography,21.84,4,True,457,2003,29
The Strange Fire: Garden of Journey,Michael Wilson,Romance,6.2,4,True,272,2011,8
The Stolen Journey: Wind of Garden,Laura Smith,Romance,8.32,4,True,388,2015,48
The New World,Alice Harris,Thriller,13.99,5,True,231,1997,1
The Silent Mountain,Claire Walker,Science Fiction,12.04,4,True,432,2020,92
The New Fire: World of Light,David Lee,Business,16.54,1,False,137,2020,2
The Golden Heart,David Garcia,Travel,12.25,4,True,492,2021,6
The Wild Night: Wind of Star,Robert Brown,Psychology,18.53,5,False,207,2001,1
The Silent Shadow,Thomas Walker,Self Help,14.65,4,True,404,1997,24
The Silent Stone,Maria Martinez,Cookbooks,14.16,5,True,415,2024,18
The Strange Dream,Alice Moore,Art,23.54,3,False,254,2021,26
The First Fire,Thomas Moore,Self Help,16.11,5,True,346,2021,39
The Golden Journey,Claire Smith,Travel,17.29,3,True,333,2003,0
The Short Crown: Mirror of Stone,Laura Brown,Biography,12.92,4,True,255,1999,35
The Secret River: Journey of Star,Nina Brown,Business,17.17,4,True,324,1996,13
The Broken Mountain,William Walker,Historical Fiction,16.33,3,False,494,2020,5
The Lost Night,Charles Garcia,Religion,12.81,2,True,378,2007,17
The Bright Wind,David White,Cookbooks,23.08,2,True,384,2010,0
The New World,Maria Martinez,Business,14.79,3,True,441,1998,0
The Lost World,Nina Thompson,Business,22.1,5,False,332,2004,29
The Short Light,Thomas Wilson,Self Help,10.98,4,True,322,2010,16
The Little Crown,Claire Johnson,Fantasy,8.53,3,True,455,1996,3
The Last City: Journey of Dream,John Johnson,Music,11.8,3,True,294,2017,152
The Strange Crown,Claire Taylor,Philosophy,19.96,5,True,96,2001,189
The Silent City: Light of Stone,Helen Moore,Travel,20.47,3,True,350,1995,12
The Long City,Sarah Jackson,Sports,18.87,4,True,234,2016,13
The Broken Night,Michael Garcia,Science Fiction,16.18,2,True,235,2024,30
The Broken World,Laura Clark,Science Fiction,18.85,4,True,415,2003,72
The Dark Garden: Star of Crown,Sofia Lee,Religion,18.16,4,True,319,2022,7
The First Garden: Heart of Wind,Charles Garcia,Historical Fiction,21.3,5,True,228,2003,7
The Wild Path,Alice Wilson,Thriller,12.81,4,True,231,2007,27
The Bright Dream,Thomas Harris,Travel,16.69,4,True,238,2014,9
The Stolen Dream: Rain of River,John Robinson,Fantasy,17.86,2,False,362,2010,24
The Long Star,Thomas Thompson,Self Help,10.18,3,True,395,2008,33
The Hidden Shadow,Laura Jackson,Poetry,15.56,3,True,371,2017,35
The Strange Rain: Rain of Heart,George Robinson,Fantasy,9.22,4,True,306,2024,28
The First World: Storm of Mountain,Maria Martinez,Music,16.47,1,True,298,1996,13
The Hidden Shadow,Maria Martinez,Philosophy,11.41,4,True,430,2009,17
The Last Mirror,Sarah Rodriguez,Psychology,14.0,4,True,463,2018,95
The Silent City: Shadow of Heart,Thomas Harris,Art,20.18,4,True,289,2018,121
The New Star: Garden of City,Alice Wilson,Art,19.92,3,True,305,2014,24
The Forgotten Journey,Emma Garcia,Self Help,15.6,5,True,231,2000,21
The New Path: Star of Fire,George Walker,Music,9.96,2,False,168,2014,75
The Secret Storm,Claire Smith,Cookbooks,13.72,4,True,198,2021,20
The Golden Night,Claire Jackson,Mystery,11.16,5,True,335,2015,98
The Golden Heart,Laura Anderson,Philosophy,16.4,3,True,331,1995,22
The Silent World: Crown of Fire,John Smith,Science Fiction,20.08,4,True,482,2013,14
The Golden Storm,Anna Johnson,Biography,15.02,3,True,233,1998,46
The Ancient Fire: Star of Wind,George Johnson,Poetry,17.58,5,True,427,2010,30
The Long Star: Fire of Mountain,James Rodriguez,Sports,16.87,4,True,269,2013,2
The Little Heart,Thomas Clark,Business,21.02,4,True,332,2014,12
The New Journey,George Moore,Cookbooks,19.74,4,True,313,2009,31
The Great Mountain,Sofia Walker,Biography,17.77,5,True,454,2017,2
The Bright Storm: Path of Journey,William Clark,Art,29.95,5,True,283,2022,53
The Short River,Sarah Clark,Thriller,13.68,2,True,311,2001,72
The Short Fire,Thomas Clark,Thriller,14.53,4,True,92,2001,96
The Lost Night,Nina Thompson,Philosophy,14.22,5,True,504,2000,105
The Lost Heart,Michael Walker,Sports,10.64,4,True,283,2012,36
The Strange Light: Mirror of Shadow,Peter White,Biography,14.07,4,True,306,2022,81
The Short Dream: Crown of Crown,Michael Taylor,Sports,8.48,4,True,272,2014,1
The Little Shadow,David Taylor,Science Fiction,16.49,4,True,357,2024,15
The Silent Storm: Rain of Fire,Michael Anderson,Cookbooks,20.88,5,True,444,2005,34
The Forgotten River,Thomas Smith,Fantasy,15.63,4,True,441,2020,110
The Broken Storm,Sarah White,Music,21.95,3,True,400,2019,34
The Stolen Mountain,Maria Martinez,Poetry,5.49,2,False,346,1999,32
The Ancient Journey: Rain of Mirror,Emma Robinson,Poetry,10.49,3,True,462,1995,38
The Hidden Heart,Anna Wilson,Sports,12.61,3,True,247,2007,7
The Bright Stone,Maria Harris,Historical Fiction,12.33,2,True,207,2023,17
The First Garden: Night of Light,Maria Walker,Philosophy,4.75,3,False,504,2017,63
The New River: Star of Star,Laura Thompson,Horror,12.07,2,False,214,2020,2
The Golden Storm,Peter Martin,Horror,17.94,5,True,490,2018,28
The Great Wind,Sarah Rodriguez,Fantasy,14.61,4,True,199,2011,1
The Silent Night,Peter Lee,Business,16.41,3,True,300,2021,4
The Ancient Rain,James Thompson,Travel,16.18,3,True,224,2011,15
The Forgotten Shadow: Dream of Crown,George Lee,Cookbooks,23.42,2,False,130,2009,0
The Wild Stone,Peter Walker,Business,22.04,4,True,444,2004,23
The Long World: Rain of Mountain,Michael Martin,Travel,14.74,3,True,314,2001,6
The New Dream,Thomas Martinez,Cookbooks,25.36,3,True,379,1996,17
The Bright Fire,Sarah Thompson,Poetry,8.86,3,True,300,2007,55
The Little Rain: Light of Stone,John Martinez,Psychology,16.79,4,False,494,2017,89
The Ancient City,Claire Clark,Music,13.36,3,True,287,1999,53
The Great Dream: Crown of Fire,James Wilson,Sports,13.16,3,False,324,2006,17
The Short Journey,William Lee,Science Fiction,16.13,3,True,314,2011,56
The Forgotten Mirror,William Harris,Fantasy,18.27,4,True,241,1995,30
The Bright Stone,George Harris,Fantasy,15.52,5,True,362,2021,2
The Dark Dream,Sarah Johnson,Music,11.22,4,True,358,2013,27
The Long Crown: Path of Fire,Charles Anderson,Travel,17.76,5,True,95,2011,5
The New Crown,Sofia Brown,Art,18.62,2,False,466,2016,6
The Ancient Path,Anna Martin,Religion,9.96,4,True,214,2016,23
The Last Heart: Night of Stone,George Lewis,Art,15.59,4,True,225,2015,29
The Hidden River: Wind of Stone,James Lee,Philosophy,14.64,4,True,208,2019,29
The Great Night,Peter Wilson,Music,16.38,1,False,246,2003,15
The Wild Stone,Peter Walker,Children's,9.16,3,True,450,2013,41
The Strange Night,David Martinez,Historical Fiction,18.82,4,True,348,2011,32
The Secret Light,Michael Lewis,Business,14.11,3,True,316,1999,19
The Last Heart,Thomas Wilson,Thriller,14.21,3,True,546,2005,0
